{"stats":{"minecraft:custom":{"minecraft:damage_absorbed":89,"minecraft:time_since_rest":6278,"minecraft:crouch_one_cm":1000,"minecraft:sprint_one_cm":19655,"minecraft:play_time":6278,"minecraft:damage_taken":209,"minecraft:walk_one_cm":20083,"minecraft:sneak_time":269,"minecraft:mob_kills":16,"minecraft:jump":98,"minecraft:damage_dealt":2911,"minecraft:leave_game":2,"minecraft:time_since_death":6278,"minecraft:total_world_time":6278,"lootr:looted_stat":3,"minecraft:fall_one_cm":1589,"minecraft:interact_with_crafting_table":2,"minecraft:fly_one_cm":20940},"minecraft:used":{"minecraft:netherite_sword":44,"minecraft:oak_log":2,"minecraft:golden_apple":3,"biomesoplenty:mahogany_log":2,"minecraft:crafting_table":1,"alexsmobs:animal_dictionary":1},"minecraft:crafted":{"minecraft:wooden_sword":1,"minecraft:crafting_table":1,"minecraft:stick":4,"biomesoplenty:mahogany_planks":12},"minecraft:picked_up":{"minecraft:crafting_table":1,"biomesoplenty:mahogany_log":5,"minecraft:crossbow":1,"minecraft:emerald":6,"illagerinvasion:platinum_chunk":7,"minecraft:white_banner":1},"minecraft:mined":{"biomesoplenty:mahogany_log":5,"minecraft:tall_grass":1,"minecraft:fern":2,"minecraft:crafting_table":1},"minecraft:killed":{"minecraft:pillager":12,"minecraft:vindicator":1}},"DataVersion":3465}